{"cameraMode":{"drawMode":0,"name":"Shaded","section":"Shading Mode"},"sceneLighting":false,"audioPlay":false,"sceneViewState":{"m_AlwaysRefresh":false,"showFog":false,"showSkybox":false,"showFlares":false,"showImageEffects":false,"showParticleSystems":false,"showVisualEffectGraphs":true,"m_FxEnabled":true},"in2DMode":false,"pivot":{"x":-0.028778664767742158,"y":0.8059146404266357,"z":0.14754782617092133},"rotation":{"x":0.0014730533584952355,"y":-0.9873538613319397,"z":0.1583261340856552,"w":0.009178253822028637},"size":0.9837273955345154,"orthographic":true}