{"cameraMode":{"drawMode":0,"name":"Shaded","section":"Shading Mode"},"sceneLighting":true,"audioPlay":false,"sceneViewState":{"m_AlwaysRefresh":false,"showFog":true,"showSkybox":true,"showFlares":true,"showImageEffects":true,"showParticleSystems":true,"showVisualEffectGraphs":true,"m_FxEnabled":true},"in2DMode":false,"pivot":{"x":9.622274398803711,"y":-16.20039939880371,"z":255.2132568359375},"rotation":{"x":-0.03329741582274437,"y":-0.01889112778007984,"z":0.0006295638740994036,"w":-0.999264121055603},"size":152.56301879882813,"orthographic":false}