{"cameraMode":{"drawMode":0,"name":"Shaded","section":"Shading Mode"},"sceneLighting":false,"audioPlay":false,"sceneViewState":{"m_AlwaysRefresh":false,"showFog":false,"showSkybox":false,"showFlares":false,"showImageEffects":false,"showParticleSystems":false,"showVisualEffectGraphs":true,"m_FxEnabled":true},"in2DMode":false,"pivot":{"x":6.556510925292969e-7,"y":0.8917028903961182,"z":0.0670982152223587},"rotation":{"x":-0.0003996283921878785,"y":-0.9985867738723755,"z":-0.007488838862627745,"w":0.05277126654982567},"size":1.3825219869613648,"orthographic":true}